Al-Kitab Al-Asasi vol. 1,Al Kitab Al Asasi Vol. 1 Lesson 1,https://www.youtube.com/watch?v=kQ0Mjg-Om94
Al-Kitab Al-Asasi vol. 1,Al Kitab Al Asasi Vol. 1 Lesson 2,https://www.youtube.com/watch?v=z18x8QvIJ5s
Al-Kitab Al-Asasi vol. 1,Al Kitab Al Asasi Vol. 1 Lesson 3,https://www.youtube.com/watch?v=GTF8aLVPASs
Al-Kitab Al-Asasi vol. 1,Al Kitab Al Asasi Vol. 1 Lesson 4,https://www.youtube.com/watch?v=9ZnyA5j9Dqs
Al-Kitab Al-Asasi vol. 1,"Al kitab al Asasi vol. 1 Lesson 5, part a.",https://www.youtube.com/watch?v=G0AdU3x96Xg
Al-Kitab Al-Asasi vol. 1,Al-Kitab Al-Asasi vol. 1 Lesson 5 part b.,https://www.youtube.com/watch?v=YVlUrwJxUzA
Al-Kitab Al-Asasi vol. 1,Al-Kitab Al-Asasi vol. 1 Lesson 6,https://www.youtube.com/watch?v=9d8C_vxDIAA
Al-Kitab Al-Asasi vol. 1,Al-Kitab Al-Asasi vol. 1 Lesson 7,https://www.youtube.com/watch?v=4WqIfRSAW0A
Al-Kitab Al-Asasi vol. 1,Al-Kitab al-Asasi vol.1 Lesson 8,https://www.youtube.com/watch?v=uGMHppsoMH0
Al-Kitab Al-Asasi vol. 1,Al-Kitab Al-Asasi vol.1 Lesson 9,https://www.youtube.com/watch?v=-m3DQVD9BA8
Al-Kitab Al-Asasi vol. 1,Al-Kitab Al-Asasi vol. 1 Lesson 10 part a.,https://www.youtube.com/watch?v=Evwr3JNP2aQ
Al-Kitab Al-Asasi vol. 1,Al-Kitab Al-Asasi vol. 1 Lesson 10 part b.,https://www.youtube.com/watch?v=oigSWp3QODk
Al-Kitab Al-Asasi vol. 1,Al-Kitab Al-Asasi vol. 1 Lesson 11,https://www.youtube.com/watch?v=s12ZYYmBp4A
Al-Kitab Al-Asasi vol. 1,Al-Kitab Al-Asasi vol. 1 Lesson 12,https://www.youtube.com/watch?v=mQn38GJtsMg
Al-Kitab Al-Asasi vol. 1,Al-Kitab Al-Asasi vol. 1 Lesson 13,https://www.youtube.com/watch?v=CrJoAy2F0B8
Al-Kitab Al-Asasi vol. 1,Al-Kitab Al-Asasi vol. 1 Lesson 15,https://www.youtube.com/watch?v=SXlrHPo2LmI
Al-Kitab Al-Asasi vol. 1,Al-Kitab Al-Asasi vol. 1 Lesson 16,https://www.youtube.com/watch?v=c8m8K9C7urY
Al-Kitab Al-Asasi vol. 1,Al kitab al Asasi vol. 1 lesson 17,https://www.youtube.com/watch?v=gpoc7YVDawM
Al-Kitab Al-Asasi vol. 1,Al-Kitab Al-Asasi vol. 1 Lesson 18,https://www.youtube.com/watch?v=ZvNMXoj-u6w
Al-Kitab Al-Asasi vol. 1,Al-Kitab Al-Asasi vol. 1 Lesson 19,https://www.youtube.com/watch?v=mVNVrbsJZGE
Al-Kitab Al-Asasi vol. 1,Al-Kitab Al-Asasi vol. 1 Lesson 20,https://www.youtube.com/watch?v=6t7wc4cMjKA
Al-Kitab Al-Asasi vol. 1,Al-Kitab Al-Asasi vol. 1 Lesson 21,https://www.youtube.com/watch?v=_DX8uMoDTMM
Al-Kitab Al-Asasi vol. 1,Al-Kitab Al-Asasi Vol. 1 Lesson 23,https://www.youtube.com/watch?v=iJ4jU316yTU
Al-Kitab Al-Asasi vol. 1,Al-Kitab Al-Asasi Vol. 1 Lesson 24,https://www.youtube.com/watch?v=R8DjS0D1SD0
Al-Kitab Al-Asasi vol. 1,Al-Kitab Al-Asasi Vol. 1 Lesson 24 part 2,https://www.youtube.com/watch?v=qVQZgtIDYf4
Al-Kitab Al-Asasi vol. 1,Al-Kitab Al-Asasi Lesson 25,https://www.youtube.com/watch?v=OXH55b69xN8
Al-Kitab Al-Asasi vol. 2,Al-Kitab Al-Asasi Vol.2 Lesson 1,https://www.youtube.com/watch?v=p6wFj9LQQ7A
Al-Kitab Al-Asasi vol. 2,Al-Kitab Al-Asasi Vol. 2 Lesson 2,https://www.youtube.com/watch?v=06lVNnLD3w0
Al-Kitab Al-Asasi vol. 2,Al-Kitab Al-Asasi vol. 2 lesson 3,https://www.youtube.com/watch?v=q_R51V9mA-g
Al-Kitab Al-Asasi vol. 2,Al-Kitab Al-Asasi Vol. 2 Lesson 4,https://www.youtube.com/watch?v=0_nDqOY6wpc
Al-Kitab Al-Asasi vol. 2,Al-Kitab Al-Asasi Vol. 2 Lesson 5,https://www.youtube.com/watch?v=4GN_MMjq6-I
Al-Kitab Al-Asasi vol. 2,Al-Kitab Al-Asasi Vol. 2 Lesson 6,https://www.youtube.com/watch?v=uVd-r7D1i_Y
Al-Kitab Al-Asasi vol. 2,AL-Kitab Al-Asasi Vol.2 Lesson 7,https://www.youtube.com/watch?v=tMmBT4s_nCE
Al-Kitab Al-Asasi vol. 2,Al-Kitab Al-Asasi Vol. 2 Lesson 8,https://www.youtube.com/watch?v=H3YCTsKrd7Q
Al-Kitab Al-Asasi vol. 2,Al-Kitab Al-Asasi Vol. 2 Lesson 9,https://www.youtube.com/watch?v=jfDtGjVDi5c
Al-Kitab Al-Asasi vol. 2,Al-Kitab Al-Asasi Vol. 2 Lesson 10,https://www.youtube.com/watch?v=UHA4yi3MZT0
Al-Kitab Al-Asasi vol. 2,Al Kitab Al Asasi Vol. 2 Lesson 12,https://www.youtube.com/watch?v=8--h1eXoogw
Qasasun Nabiyyin Vol. 1,QASASUN NABIYYEN 01,https://www.youtube.com/watch?v=JTh-w7vY8S4
Qasasun Nabiyyin Vol. 1,QASASUN NABIYYEN 02,https://www.youtube.com/watch?v=2S9NjWV5J34
Qasasun Nabiyyin Vol. 1,QASASUN NABIYYEN 03,https://www.youtube.com/watch?v=WM6kUwWwRDw
Qasasun Nabiyyin Vol. 1,QASASUN NABIYYEN 04,https://www.youtube.com/watch?v=DeHUYM3poU0
Qasasun Nabiyyin Vol. 1,QASASUN NABIYYEN 05,https://www.youtube.com/watch?v=2N4gjRhVhrk
Qasasun Nabiyyin Vol. 1,QASASUN NABIYYEN 06,https://www.youtube.com/watch?v=-A6hC5aYt-Q
Qasasun Nabiyyin Vol. 1,QASASUN NABIYYEN 07,https://www.youtube.com/watch?v=VjbKki2jSZ4
Qasasun Nabiyyin Vol. 1,QASASUN NABIYYEN 08,https://www.youtube.com/watch?v=TLxTpc3JIXg
Qasasun Nabiyyin Vol. 1,QASASUN NABIYYEN 09,https://www.youtube.com/watch?v=Tv6viEBoBqY
Qasasun Nabiyyin Vol. 1,QASASUN NABIYYEN 10,https://www.youtube.com/watch?v=6R3-Ehh_8aA
Qasasun Nabiyyin Vol. 1,QASASUN NABIYYEN 11,https://www.youtube.com/watch?v=2Bv7CeeM6BA
Qasasun Nabiyyin Vol. 1,QASASUN NABIYYEN 12,https://www.youtube.com/watch?v=BlE2a66STkI
Qasasun Nabiyyin Vol. 1,QASASUN NABIYYEN 13,https://www.youtube.com/watch?v=MYuR4WMOm-U
Qasasun Nabiyyin Vol. 1,QASASUN NABIYYEN 14,https://www.youtube.com/watch?v=M4IOh_XziBg
Qasasun Nabiyyin Vol. 1,QASASUN NABIYYEN 15,https://www.youtube.com/watch?v=l3HPQ6GTqac
Qasasun Nabiyyin Vol. 1,QASASUN NABIYYEN 16,https://www.youtube.com/watch?v=mkAJ5Z8Dck4
Qasasun Nabiyyin Vol. 1,QASASUN NABIYYEN 17,https://www.youtube.com/watch?v=L9nnt187j9A
Qasasun Nabiyyin Vol. 1,QASASUN NABIYYEN 18,https://www.youtube.com/watch?v=6DrP8GCQrCk
Qasasun Nabiyyin Vol. 1,QASASUN NABIYYEN 19,https://www.youtube.com/watch?v=vZH0qN-0pJo
Qasasun Nabiyyin Vol. 1,QASASUN NABIYYEN 20,https://www.youtube.com/watch?v=v6PyY6rYO3M
Qasasun Nabiyyin Vol. 1,QASASUN NABIYYEN 21,https://www.youtube.com/watch?v=VKFFo5YNGJE
Qasasun Nabiyyin Vol. 1,QASASUN NABIYYEN 22,https://www.youtube.com/watch?v=sDnmeg6ynQc
Qasasun Nabiyyin Vol. 1,QASASUN NABIYYEN 23,https://www.youtube.com/watch?v=4w69shgzAzI
Qasasun Nabiyyin Vol. 1,QASASUN NABIYYEN 24,https://www.youtube.com/watch?v=G7U_eZgAagk
Qasasun Nabiyyin Vol. 1,QASASUN NABIYYEN 25,https://www.youtube.com/watch?v=ToogSAwwKpo
Qasasun Nabiyyin Vol. 1,QASASUN NABIYYEN 26,https://www.youtube.com/watch?v=rkqOpHX2OY8
Qasasun Nabiyyin Vol. 1,QASASUN NABIYYEN 27,https://www.youtube.com/watch?v=Ys8zaxMsDiM
Qasasun Nabiyyin Vol. 1,QASASUN NABIYYEN 28,https://www.youtube.com/watch?v=Ai1jKWHslZY
Qasasun Nabiyyin Vol. 1,QASASUN NABIYYEN 29,https://www.youtube.com/watch?v=jtcSLVCafeM
Qasasun Nabiyyin Vol. 1,QASASUN NABIYYEN 30,https://www.youtube.com/watch?v=bop03wvPPf0
Qasasun Nabiyyin Vol. 1,QASASUN NABIYYEN 31,https://www.youtube.com/watch?v=ysHCcuFMPps
Qasasun Nabiyyin Vol. 1,QASASUN NABIYYEN 32,https://www.youtube.com/watch?v=XYpH9YgCJj0
Qasasun Nabiyyin Vol. 1,QASASUN NABIYYEN 33,https://www.youtube.com/watch?v=MK9fSG0yAhg
Qasasun Nabiyyin Vol. 1,QASASUN NABIYYEN 34,https://www.youtube.com/watch?v=RUtW4QlPJZo
Qasasun Nabiyyin Vol. 1,QASASUN NABIYYEN 35,https://www.youtube.com/watch?v=qRStpZpJXKk
Qasasun Nabiyyin Vol. 1,QASASUN NABIYYEN 36,https://www.youtube.com/watch?v=m9S28tRBsnY
Qasasun Nabiyyin Vol. 1,QASASUN NABIYYEN 37,https://www.youtube.com/watch?v=dK6jVgmmPK8
Qasasun Nabiyyin Vol. 1,QASASUN NABIYYEN 38,https://www.youtube.com/watch?v=kqi57wf8Y5g
Qasasun Nabiyyin Vol. 1,QASASUN NABIYYEN 39,https://www.youtube.com/watch?v=R4F9uSRLtd0
Qasasun Nabiyyin Vol. 1,QASASUN NABIYYEN 40,https://www.youtube.com/watch?v=B7Ibp6tNhS0
Qasasun Nabiyyin Vol. 1,QASASUN NABIYYEN 41,https://www.youtube.com/watch?v=xT7v-p5o4Zg
Qasasun Nabiyyin Vol. 1,QASASUN NABIYYEN 42,https://www.youtube.com/watch?v=NQPpMGllIis
Qasasun Nabiyyin Vol. 1,QASASUN NABIYYEN 43,https://www.youtube.com/watch?v=Sn0xl1pLOxc
Qasasun Nabiyyin Vol. 1,QASASUN NABIYYEN 44,https://www.youtube.com/watch?v=PL5RGC0dsRg
Qasasun Nabiyyin Vol. 1,QASASUN NABIYYEN 45,https://www.youtube.com/watch?v=pEbIGgAidPg
Qasasun Nabiyyin Vol. 1,QASASUN NABIYYEN 46,https://www.youtube.com/watch?v=HJmQ5_X6S_M
Qasasun Nabiyyin Vol. 1,QASASUN NABIYYEN 47,https://www.youtube.com/watch?v=6WOcVDZ8jLo
Qasasun Nabiyyin Vol. 1,QASASUN NABIYYEN 48,https://www.youtube.com/watch?v=hntaCGOcBjg
Qasasun Nabiyyin Vol. 1,QASASUN NABIYYEN 49,https://www.youtube.com/watch?v=zXbNVI8xlLY
Qasasun Nabiyyin Vol. 1,QASASUN NABIYYEN 50,https://www.youtube.com/watch?v=ldNPdxi5Jfg
Qasasun Nabiyyin Vol. 1,QASASUN NABIYYEN 50 PART 02,https://www.youtube.com/watch?v=ehmctVICKEc
Qasasun Nabiyyin Vol. 1,QASASUN NABIYYEN 51,https://www.youtube.com/watch?v=fzkGrnaAeBE
Qasasun Nabiyyin Vol. 1,QASASUN NABIYYEN 52,https://www.youtube.com/watch?v=73TbZ6aEC3I
Qasasun Nabiyyin Vol. 1,QASASUN NABIYYEN 53,https://www.youtube.com/watch?v=uRrIlE6wuzs
Qasasun Nabiyyin Vol. 1,QASASUN NABIYYEN 54,https://www.youtube.com/watch?v=e3Oo8pZvwmE
Qasasun Nabiyyin Vol. 1,QASASUN NABIYYEN 55,https://www.youtube.com/watch?v=jBLfRbk9t6I
Qasasun Nabiyyin Vol. 1,QASASUN NABIYYEN 56,https://www.youtube.com/watch?v=i80Ycoe9St4
Qasasun Nabiyyin Vol. 1,QASASUN NABIYYEN 57,https://www.youtube.com/watch?v=cYyHOo-zjlY
Qasasun Nabiyyin Vol. 1,QASASUN NABIYYEN 58,https://www.youtube.com/watch?v=2799zr48zuI
Qasasun Nabiyyin Vol. 1,QASASUN NABIYYEN 59,https://www.youtube.com/watch?v=0vPF-jgGEsA
Qasasun Nabiyyin Vol. 1,QASASUN NABIYYEN 60,https://www.youtube.com/watch?v=sXUzR5-JUVA
Qasasun Nabiyyin Vol. 1,QASASUN NABIYYEN 61,https://www.youtube.com/watch?v=Hwzb5q-9gn4
Qasasun Nabiyyin Vol. 1,QASASUN NABIYYEN 62,https://www.youtube.com/watch?v=6lkiW7xylfo
Qasasun Nabiyyin Vol. 1,QASASUN NABIYYEN 63,https://www.youtube.com/watch?v=4bmBru1p9wU
Qasasun Nabiyyin Vol. 1,QASASUN NABIYYEN 64,https://www.youtube.com/watch?v=rygEYc_tTsM
Qasasun Nabiyyin Vol. 1,QASASUN NABIYYEN 65,https://www.youtube.com/watch?v=LQRYFEgJnG4
Qasasun Nabiyyin Vol. 1,QASASUN NABIYYEN 66,https://www.youtube.com/watch?v=vJWndWPYp_8
Qasasun Nabiyyin Vol. 1,QASASUN NABIYYEN 67,https://www.youtube.com/watch?v=ACU0ekCGPJM
Qasasun Nabiyyin Vol. 1,QASASUN NABIYYEN 68,https://www.youtube.com/watch?v=oVzFumIJTN8
Qasasun Nabiyyin Vol. 1,QASASUN NABIYYEN 69,https://www.youtube.com/watch?v=DDJCzwaexl4
Qasasun Nabiyyin Vol. 1,QASASUN NABIYYEN 70,https://www.youtube.com/watch?v=8Gd-_K13TGo
Qasasun Nabiyyin Vol. 1,QASASUN NABIYYEN 71,https://www.youtube.com/watch?v=SFRFvBgkdMU
Qasasun Nabiyyin Vol. 1,QASASUN NABIYYEN 72,https://www.youtube.com/watch?v=2f6wkeX5jVg
Qasasun Nabiyyin Vol. 1,QASASUN NABIYYEN 73,https://www.youtube.com/watch?v=37lkt5IvVXo
Qasasun Nabiyyin Vol. 1,QASASUN NABIYYEN 74,https://www.youtube.com/watch?v=bXMciQpKUfE
Qasasun Nabiyyin Vol. 1,QASASUN NABIYYEN 75,https://www.youtube.com/watch?v=pFHPUvjrKcY
Qasasun Nabiyyin Vol. 1,QASASUN NABIYYEN 76,https://www.youtube.com/watch?v=qw4L1w0fY-w
Qasasun Nabiyyin Vol. 1,QASASUN NABIYYEN 77,https://www.youtube.com/watch?v=8zdO6Oi1Qq8
Qasasun Nabiyyin Vol. 1,QASASUN NABIYYEN 78,https://www.youtube.com/watch?v=jMWhs3thdW8
Qasasun Nabiyyin Vol. 1,QASASUN NABIYYEN 79,https://www.youtube.com/watch?v=BaR6MdXGIPg
Qasasun Nabiyyin Vol. 1,QASASUN NABIYYEN 80,https://www.youtube.com/watch?v=qdd4fOv0bXo
Qasasun Nabiyyin Vol. 1,QASASUN NABIYYEN 82,https://www.youtube.com/watch?v=QphPDG7dCHw
Qasasun Nabiyyin Vol. 1,QASASUN NABIYYEN 83,https://www.youtube.com/watch?v=zRJbG4rmit0
Qasasun Nabiyyin Vol. 1,QASASUN NABIYYEN 84,https://www.youtube.com/watch?v=7pLYBPsU-Pg
Qasasun Nabiyyin Vol. 1,QASASUN NABIYYEN 85,https://www.youtube.com/watch?v=xufqI240wg0
Qasasun Nabiyyin Vol. 1,QASASUN NABIYYEN 86,https://www.youtube.com/watch?v=k9OxQMz5P0w
Qasasun Nabiyyin Vol. 1,QASASUN NABIYYEN 87,https://www.youtube.com/watch?v=3wKCNjR1LH4
Qasasun Nabiyyin Vol. 1,QASASUN NABIYYEN 88,https://www.youtube.com/watch?v=mthscLA8A6E
Qasasun Nabiyyin Vol. 1,QASASUN NABIYYEN 89,https://www.youtube.com/watch?v=53BQ3QUFmpQ
Qasasun Nabiyyin Vol. 1,QASASUN NABIYYEN 90,https://www.youtube.com/watch?v=8iQ_gKe3KAw
Qasasun Nabiyyin Vol. 1,QASASUN NABIYYEN 91,https://www.youtube.com/watch?v=DVCVIZSjZpA
Qasasun Nabiyyin Vol. 1,QASASUN NABIYYEN 81,https://www.youtube.com/watch?v=BS7rPB45pYI
Qasasun Nabiyyin Vol. 1,QASASUN NABIYYEN 92,https://www.youtube.com/watch?v=EJaVJPRAbMY
Qasasun Nabiyyin Vol. 1,QASASUN NABIYYEN 93,https://www.youtube.com/watch?v=Omc8nJz04sc
Qasasun Nabiyyin Vol. 1,QASASUN NABIYYEN 94,https://www.youtube.com/watch?v=_BPNxgwMWKY
Qasasun Nabiyyin Vol. 1,QASASUN NABIYYEN 95,https://www.youtube.com/watch?v=a5amw5ZlM9o
Qasasun Nabiyyin Vol. 1,QASASUN NABIYYEN 96,https://www.youtube.com/watch?v=ZV_tT3A8j_U
Qasasun Nabiyyin Vol. 1,QASASUN NABIYYEN 97,https://www.youtube.com/watch?v=CYqLd48Tm40
Qasasun Nabiyyin Vol. 1,QASASUN NABIYYEN 98,https://www.youtube.com/watch?v=VJg6Dj6Stlg
Qasasun Nabiyyin Vol. 1,QASASUN NABIYYEN 99,https://www.youtube.com/watch?v=cxlQFQVS6lU
Qasasun Nabiyyin Vol. 1,QASASUN NABIYYEN 100,https://www.youtube.com/watch?v=qVqUBwyKAHs
Qasasun Nabiyyin Vol. 1,QASASUN NABIYYEN 101,https://www.youtube.com/watch?v=hQv_bWwv7t4
Qasasun Nabiyyin Vol. 1,QASASUN NABIYYEN 102,https://www.youtube.com/watch?v=YXoPy9yB7aA
Qasasun Nabiyyin Vol. 1,QASASUN NABIYYEN 103,https://www.youtube.com/watch?v=vpBSkFXtcu4
Qasasun Nabiyyin Vol. 1,QASASUN NABIYYEN 104,https://www.youtube.com/watch?v=foNYz5-ODkE